Year,PlotID,Treatment,Replicate,Crop,Yield_kg_ha,Soil_pH,P,K,Ca,Mg,CEC,OM,Soil_Measured,TotalPrecip_mm,AvgTmax_C,AvgTmin_C
2024,T4_R4,T4,R4,Glycine max L.,2074.4,6.361111111111111,15.069444444444445,83.83333333333333,669.4444444444445,144.09722222222223,5.633333333333334,,0,627.126,15.526315789473683,5.407177363699102
2024,T4_R3,T4,R3,Glycine max L.,2025.6,6.361111111111111,15.069444444444445,83.83333333333333,669.4444444444445,144.09722222222223,5.633333333333334,,0,627.126,15.526315789473683,5.407177363699102
2024,T4_R2,T4,R2,Glycine max L.,1459.3,6.361111111111111,15.069444444444445,83.83333333333333,669.4444444444445,144.09722222222223,5.633333333333334,,0,627.126,15.526315789473683,5.407177363699102
2024,T4_R1,T4,R1,Glycine max L.,1775.8,6.361111111111111,15.069444444444445,83.83333333333333,669.4444444444445,144.09722222222223,5.633333333333334,,0,627.126,15.526315789473683,5.407177363699102
2024,T4_R5,T4,R5,Glycine max L.,1511.8,6.361111111111111,15.069444444444445,83.83333333333333,669.4444444444445,144.09722222222223,5.633333333333334,,0,627.126,15.526315789473683,5.407177363699102
2024,T4_R6,T4,R6,Glycine max L.,1507.6,6.361111111111111,15.069444444444445,83.83333333333333,669.4444444444445,144.09722222222223,5.633333333333334,,0,627.126,15.526315789473683,5.407177363699102
2024,T3_R2,T3,R2,Glycine max L.,4932.3,6.361111111111111,15.069444444444445,83.83333333333333,669.4444444444445,144.09722222222223,5.633333333333334,,0,627.126,15.526315789473683,5.407177363699102
2024,T3_R6,T3,R6,Glycine max L.,4281.0,6.361111111111111,15.069444444444445,83.83333333333333,669.4444444444445,144.09722222222223,5.633333333333334,,0,627.126,15.526315789473683,5.407177363699102
2024,T3_R5,T3,R5,Glycine max L.,3809.9,6.361111111111111,15.069444444444445,83.83333333333333,669.4444444444445,144.09722222222223,5.633333333333334,,0,627.126,15.526315789473683,5.407177363699102
2024,T3_R4,T3,R4,Glycine max L.,4446.7,6.361111111111111,15.069444444444445,83.83333333333333,669.4444444444445,144.09722222222223,5.633333333333334,,0,627.126,15.526315789473683,5.407177363699102
2024,T3_R3,T3,R3,Glycine max L.,4834.4,6.361111111111111,15.069444444444445,83.83333333333333,669.4444444444445,144.09722222222223,5.633333333333334,,0,627.126,15.526315789473683,5.407177363699102
2024,T3_R1,T3,R1,Glycine max L.,4827.4,6.361111111111111,15.069444444444445,83.83333333333333,669.4444444444445,144.09722222222223,5.633333333333334,,0,627.126,15.526315789473683,5.407177363699102
2024,T2_R1,T2,R1,Glycine max L.,4645.6,6.361111111111111,15.069444444444445,83.83333333333333,669.4444444444445,144.09722222222223,5.633333333333334,,0,627.126,15.526315789473683,5.407177363699102
2024,T2_R6,T2,R6,Glycine max L.,4563.4,6.361111111111111,15.069444444444445,83.83333333333333,669.4444444444445,144.09722222222223,5.633333333333334,,0,627.126,15.526315789473683,5.407177363699102
2024,T2_R5,T2,R5,Glycine max L.,4404.2,6.361111111111111,15.069444444444445,83.83333333333333,669.4444444444445,144.09722222222223,5.633333333333334,,0,627.126,15.526315789473683,5.407177363699102
2024,T2_R4,T2,R4,Glycine max L.,4782.5,6.361111111111111,15.069444444444445,83.83333333333333,669.4444444444445,144.09722222222223,5.633333333333334,,0,627.126,15.526315789473683,5.407177363699102
2024,T2_R3,T2,R3,Glycine max L.,4842.0,6.361111111111111,15.069444444444445,83.83333333333333,669.4444444444445,144.09722222222223,5.633333333333334,,0,627.126,15.526315789473683,5.407177363699102
2024,T2_R2,T2,R2,Glycine max L.,4591.8,6.361111111111111,15.069444444444445,83.83333333333333,669.4444444444445,144.09722222222223,5.633333333333334,,0,627.126,15.526315789473683,5.407177363699102
2024,T1_R6,T1,R6,Glycine max L.,4412.3,6.361111111111111,15.069444444444445,83.83333333333333,669.4444444444445,144.09722222222223,5.633333333333334,,0,627.126,15.526315789473683,5.407177363699102
2024,T1_R3,T1,R3,Glycine max L.,4554.4,6.361111111111111,15.069444444444445,83.83333333333333,669.4444444444445,144.09722222222223,5.633333333333334,,0,627.126,15.526315789473683,5.407177363699102
2024,T1_R5,T1,R5,Glycine max L.,3844.1,6.361111111111111,15.069444444444445,83.83333333333333,669.4444444444445,144.09722222222223,5.633333333333334,,0,627.126,15.526315789473683,5.407177363699102
2024,T1_R4,T1,R4,Glycine max L.,4795.9,6.361111111111111,15.069444444444445,83.83333333333333,669.4444444444445,144.09722222222223,5.633333333333334,,0,627.126,15.526315789473683,5.407177363699102
2024,T1_R2,T1,R2,Glycine max L.,4729.0,6.361111111111111,15.069444444444445,83.83333333333333,669.4444444444445,144.09722222222223,5.633333333333334,,0,627.126,15.526315789473683,5.407177363699102
2024,T1_R1,T1,R1,Glycine max L.,3486.1,6.361111111111111,15.069444444444445,83.83333333333333,669.4444444444445,144.09722222222223,5.633333333333334,,0,627.126,15.526315789473683,5.407177363699102
2023,T4_R1,T4,R1,Zea mays L.,4121.3,6.361111111111111,15.069444444444445,83.83333333333333,669.4444444444445,144.09722222222223,5.633333333333334,,1,931.418,17.78015194681861,5.97285067873303
2023,T4_R6,T4,R6,Zea mays L.,3062.4,6.361111111111111,15.069444444444445,83.83333333333333,669.4444444444445,144.09722222222223,5.633333333333334,,1,931.418,17.78015194681861,5.97285067873303
2023,T4_R5,T4,R5,Zea mays L.,3573.9,6.361111111111111,15.069444444444445,83.83333333333333,669.4444444444445,144.09722222222223,5.633333333333334,,1,931.418,17.78015194681861,5.97285067873303
2023,T4_R4,T4,R4,Zea mays L.,3468.1,6.361111111111111,15.069444444444445,83.83333333333333,669.4444444444445,144.09722222222223,5.633333333333334,,1,931.418,17.78015194681861,5.97285067873303
2023,T4_R3,T4,R3,Zea mays L.,4523.1,6.361111111111111,15.069444444444445,83.83333333333333,669.4444444444445,144.09722222222223,5.633333333333334,,1,931.418,17.78015194681861,5.97285067873303
2023,T4_R2,T4,R2,Zea mays L.,3723.4,6.361111111111111,15.069444444444445,83.83333333333333,669.4444444444445,144.09722222222223,5.633333333333334,,1,931.418,17.78015194681861,5.97285067873303
2023,T3_R3,T3,R3,Zea mays L.,10582.1,6.361111111111111,15.069444444444445,83.83333333333333,669.4444444444445,144.09722222222223,5.633333333333334,,1,931.418,17.78015194681861,5.97285067873303
2023,T3_R6,T3,R6,Zea mays L.,10806.8,6.361111111111111,15.069444444444445,83.83333333333333,669.4444444444445,144.09722222222223,5.633333333333334,,1,931.418,17.78015194681861,5.97285067873303
2023,T3_R5,T3,R5,Zea mays L.,10301.2,6.361111111111111,15.069444444444445,83.83333333333333,669.4444444444445,144.09722222222223,5.633333333333334,,1,931.418,17.78015194681861,5.97285067873303
2023,T3_R4,T3,R4,Zea mays L.,10637.7,6.361111111111111,15.069444444444445,83.83333333333333,669.4444444444445,144.09722222222223,5.633333333333334,,1,931.418,17.78015194681861,5.97285067873303
2023,T3_R2,T3,R2,Zea mays L.,11181.6,6.361111111111111,15.069444444444445,83.83333333333333,669.4444444444445,144.09722222222223,5.633333333333334,,1,931.418,17.78015194681861,5.97285067873303
2023,T1_R1,T1,R1,Zea mays L.,9799.5,6.361111111111111,15.069444444444445,83.83333333333333,669.4444444444445,144.09722222222223,5.633333333333334,,1,931.418,17.78015194681861,5.97285067873303
2023,T3_R1,T3,R1,Zea mays L.,10246.3,6.361111111111111,15.069444444444445,83.83333333333333,669.4444444444445,144.09722222222223,5.633333333333334,,1,931.418,17.78015194681861,5.97285067873303
2023,T1_R6,T1,R6,Zea mays L.,11546.1,6.361111111111111,15.069444444444445,83.83333333333333,669.4444444444445,144.09722222222223,5.633333333333334,,1,931.418,17.78015194681861,5.97285067873303
2023,T1_R5,T1,R5,Zea mays L.,10523.7,6.361111111111111,15.069444444444445,83.83333333333333,669.4444444444445,144.09722222222223,5.633333333333334,,1,931.418,17.78015194681861,5.97285067873303
2023,T1_R4,T1,R4,Zea mays L.,10834.3,6.361111111111111,15.069444444444445,83.83333333333333,669.4444444444445,144.09722222222223,5.633333333333334,,1,931.418,17.78015194681861,5.97285067873303
2023,T1_R3,T1,R3,Zea mays L.,11888.1,6.361111111111111,15.069444444444445,83.83333333333333,669.4444444444445,144.09722222222223,5.633333333333334,,1,931.418,17.78015194681861,5.97285067873303
2023,T1_R2,T1,R2,Zea mays L.,11547.5,6.361111111111111,15.069444444444445,83.83333333333333,669.4444444444445,144.09722222222223,5.633333333333334,,1,931.418,17.78015194681861,5.97285067873303
2023,T2_R4,T2,R4,Zea mays L.,12437.0,6.361111111111111,15.069444444444445,83.83333333333333,669.4444444444445,144.09722222222223,5.633333333333334,,1,931.418,17.78015194681861,5.97285067873303
2023,T2_R5,T2,R5,Zea mays L.,11677.0,6.361111111111111,15.069444444444445,83.83333333333333,669.4444444444445,144.09722222222223,5.633333333333334,,1,931.418,17.78015194681861,5.97285067873303
2023,T2_R1,T2,R1,Zea mays L.,11911.7,6.361111111111111,15.069444444444445,83.83333333333333,669.4444444444445,144.09722222222223,5.633333333333334,,1,931.418,17.78015194681861,5.97285067873303
2023,T2_R6,T2,R6,Zea mays L.,11729.5,6.361111111111111,15.069444444444445,83.83333333333333,669.4444444444445,144.09722222222223,5.633333333333334,,1,931.418,17.78015194681861,5.97285067873303
2023,T2_R3,T2,R3,Zea mays L.,12302.9,6.361111111111111,15.069444444444445,83.83333333333333,669.4444444444445,144.09722222222223,5.633333333333334,,1,931.418,17.78015194681861,5.97285067873303
2023,T2_R2,T2,R2,Zea mays L.,11583.9,6.361111111111111,15.069444444444445,83.83333333333333,669.4444444444445,144.09722222222223,5.633333333333334,,1,931.418,17.78015194681861,5.97285067873303
2022,T3_R2,T3,R2,Triticum aestivum L.,4263.6,6.445833333333334,23.708333333333332,110.97222222222223,1056.888888888889,165.27777777777777,7.162970059722222,,0,718.058,18.01413255360624,5.735004916420847
2022,T4_R6,T4,R6,Triticum aestivum L.,1505.3,6.445833333333334,23.708333333333332,110.97222222222223,1056.888888888889,165.27777777777777,7.162970059722222,,0,718.058,18.01413255360624,5.735004916420847
2022,T4_R5,T4,R5,Triticum aestivum L.,1702.1,6.445833333333334,23.708333333333332,110.97222222222223,1056.888888888889,165.27777777777777,7.162970059722222,,0,718.058,18.01413255360624,5.735004916420847
2022,T4_R4,T4,R4,Triticum aestivum L.,1708.2,6.445833333333334,23.708333333333332,110.97222222222223,1056.888888888889,165.27777777777777,7.162970059722222,,0,718.058,18.01413255360624,5.735004916420847
2022,T4_R3,T4,R3,Triticum aestivum L.,1810.0,6.445833333333334,23.708333333333332,110.97222222222223,1056.888888888889,165.27777777777777,7.162970059722222,,0,718.058,18.01413255360624,5.735004916420847
2022,T4_R2,T4,R2,Triticum aestivum L.,1855.3,6.445833333333334,23.708333333333332,110.97222222222223,1056.888888888889,165.27777777777777,7.162970059722222,,0,718.058,18.01413255360624,5.735004916420847
2022,T4_R1,T4,R1,Triticum aestivum L.,1781.0,6.445833333333334,23.708333333333332,110.97222222222223,1056.888888888889,165.27777777777777,7.162970059722222,,0,718.058,18.01413255360624,5.735004916420847
2022,T3_R5,T3,R5,Triticum aestivum L.,4036.6,6.445833333333334,23.708333333333332,110.97222222222223,1056.888888888889,165.27777777777777,7.162970059722222,,0,718.058,18.01413255360624,5.735004916420847
2022,T3_R4,T3,R4,Triticum aestivum L.,4179.7,6.445833333333334,23.708333333333332,110.97222222222223,1056.888888888889,165.27777777777777,7.162970059722222,,0,718.058,18.01413255360624,5.735004916420847
2022,T1_R3,T1,R3,Triticum aestivum L.,5916.6,6.445833333333334,23.708333333333332,110.97222222222223,1056.888888888889,165.27777777777777,7.162970059722222,,0,718.058,18.01413255360624,5.735004916420847
2022,T3_R6,T3,R6,Triticum aestivum L.,3795.3,6.445833333333334,23.708333333333332,110.97222222222223,1056.888888888889,165.27777777777777,7.162970059722222,,0,718.058,18.01413255360624,5.735004916420847
2022,T3_R3,T3,R3,Triticum aestivum L.,4053.7,6.445833333333334,23.708333333333332,110.97222222222223,1056.888888888889,165.27777777777777,7.162970059722222,,0,718.058,18.01413255360624,5.735004916420847
2022,T3_R1,T3,R1,Triticum aestivum L.,4042.6,6.445833333333334,23.708333333333332,110.97222222222223,1056.888888888889,165.27777777777777,7.162970059722222,,0,718.058,18.01413255360624,5.735004916420847
2022,T2_R6,T2,R6,Triticum aestivum L.,5689.8,6.445833333333334,23.708333333333332,110.97222222222223,1056.888888888889,165.27777777777777,7.162970059722222,,0,718.058,18.01413255360624,5.735004916420847
2022,T2_R4,T2,R4,Triticum aestivum L.,5323.1,6.445833333333334,23.708333333333332,110.97222222222223,1056.888888888889,165.27777777777777,7.162970059722222,,0,718.058,18.01413255360624,5.735004916420847
2022,T2_R1,T2,R1,Triticum aestivum L.,5304.7,6.445833333333334,23.708333333333332,110.97222222222223,1056.888888888889,165.27777777777777,7.162970059722222,,0,718.058,18.01413255360624,5.735004916420847
2022,T1_R4,T1,R4,Triticum aestivum L.,4799.6,6.445833333333334,23.708333333333332,110.97222222222223,1056.888888888889,165.27777777777777,7.162970059722222,,0,718.058,18.01413255360624,5.735004916420847
2022,T1_R2,T1,R2,Triticum aestivum L.,5409.7,6.445833333333334,23.708333333333332,110.97222222222223,1056.888888888889,165.27777777777777,7.162970059722222,,0,718.058,18.01413255360624,5.735004916420847
2022,T1_R1,T1,R1,Triticum aestivum L.,4793.5,6.445833333333334,23.708333333333332,110.97222222222223,1056.888888888889,165.27777777777777,7.162970059722222,,0,718.058,18.01413255360624,5.735004916420847
2022,T2_R5,T2,R5,Triticum aestivum L.,5536.9,6.445833333333334,23.708333333333332,110.97222222222223,1056.888888888889,165.27777777777777,7.162970059722222,,0,718.058,18.01413255360624,5.735004916420847
2022,T2_R3,T2,R3,Triticum aestivum L.,5268.8,6.445833333333334,23.708333333333332,110.97222222222223,1056.888888888889,165.27777777777777,7.162970059722222,,0,718.058,18.01413255360624,5.735004916420847
2022,T2_R2,T2,R2,Triticum aestivum L.,5602.5,6.445833333333334,23.708333333333332,110.97222222222223,1056.888888888889,165.27777777777777,7.162970059722222,,0,718.058,18.01413255360624,5.735004916420847
2022,T1_R6,T1,R6,Triticum aestivum L.,4784.2,6.445833333333334,23.708333333333332,110.97222222222223,1056.888888888889,165.27777777777777,7.162970059722222,,0,718.058,18.01413255360624,5.735004916420847
2022,T1_R5,T1,R5,Triticum aestivum L.,5036.2,6.445833333333334,23.708333333333332,110.97222222222223,1056.888888888889,165.27777777777777,7.162970059722222,,0,718.058,18.01413255360624,5.735004916420847
2021,T4_R5,T4,R5,Glycine max L.,1964.4,6.445833333333334,23.708333333333332,110.97222222222223,1056.888888888889,165.27777777777777,7.162970059722222,,1,612.9019999999999,17.686703096539162,6.045934202358782
2021,T4_R4,T4,R4,Glycine max L.,2423.8,6.445833333333334,23.708333333333332,110.97222222222223,1056.888888888889,165.27777777777777,7.162970059722222,,1,612.9019999999999,17.686703096539162,6.045934202358782
2021,T4_R3,T4,R3,Glycine max L.,2154.4,6.445833333333334,23.708333333333332,110.97222222222223,1056.888888888889,165.27777777777777,7.162970059722222,,1,612.9019999999999,17.686703096539162,6.045934202358782
2021,T4_R1,T4,R1,Glycine max L.,2069.1,6.445833333333334,23.708333333333332,110.97222222222223,1056.888888888889,165.27777777777777,7.162970059722222,,1,612.9019999999999,17.686703096539162,6.045934202358782
2021,T4_R6,T4,R6,Glycine max L.,1417.8,6.445833333333334,23.708333333333332,110.97222222222223,1056.888888888889,165.27777777777777,7.162970059722222,,1,612.9019999999999,17.686703096539162,6.045934202358782
2021,T3_R3,T3,R3,Glycine max L.,4244.2,6.445833333333334,23.708333333333332,110.97222222222223,1056.888888888889,165.27777777777777,7.162970059722222,,1,612.9019999999999,17.686703096539162,6.045934202358782
2021,T3_R1,T3,R1,Glycine max L.,4233.0,6.445833333333334,23.708333333333332,110.97222222222223,1056.888888888889,165.27777777777777,7.162970059722222,,1,612.9019999999999,17.686703096539162,6.045934202358782
2021,T3_R2,T3,R2,Glycine max L.,4488.8,6.445833333333334,23.708333333333332,110.97222222222223,1056.888888888889,165.27777777777777,7.162970059722222,,1,612.9019999999999,17.686703096539162,6.045934202358782
2021,T4_R2,T4,R2,Glycine max L.,2001.7,6.445833333333334,23.708333333333332,110.97222222222223,1056.888888888889,165.27777777777777,7.162970059722222,,1,612.9019999999999,17.686703096539162,6.045934202358782
2021,T3_R6,T3,R6,Glycine max L.,4064.0,6.445833333333334,23.708333333333332,110.97222222222223,1056.888888888889,165.27777777777777,7.162970059722222,,1,612.9019999999999,17.686703096539162,6.045934202358782
2021,T3_R5,T3,R5,Glycine max L.,3763.6,6.445833333333334,23.708333333333332,110.97222222222223,1056.888888888889,165.27777777777777,7.162970059722222,,1,612.9019999999999,17.686703096539162,6.045934202358782
2021,T3_R4,T3,R4,Glycine max L.,3772.8,6.445833333333334,23.708333333333332,110.97222222222223,1056.888888888889,165.27777777777777,7.162970059722222,,1,612.9019999999999,17.686703096539162,6.045934202358782
2021,T1_R1,T1,R1,Glycine max L.,3910.0,6.445833333333334,23.708333333333332,110.97222222222223,1056.888888888889,165.27777777777777,7.162970059722222,,1,612.9019999999999,17.686703096539162,6.045934202358782
2021,T2_R6,T2,R6,Glycine max L.,3980.2,6.445833333333334,23.708333333333332,110.97222222222223,1056.888888888889,165.27777777777777,7.162970059722222,,1,612.9019999999999,17.686703096539162,6.045934202358782
2021,T2_R5,T2,R5,Glycine max L.,4319.2,6.445833333333334,23.708333333333332,110.97222222222223,1056.888888888889,165.27777777777777,7.162970059722222,,1,612.9019999999999,17.686703096539162,6.045934202358782
2021,T2_R4,T2,R4,Glycine max L.,4263.4,6.445833333333334,23.708333333333332,110.97222222222223,1056.888888888889,165.27777777777777,7.162970059722222,,1,612.9019999999999,17.686703096539162,6.045934202358782
2021,T2_R3,T2,R3,Glycine max L.,4328.9,6.445833333333334,23.708333333333332,110.97222222222223,1056.888888888889,165.27777777777777,7.162970059722222,,1,612.9019999999999,17.686703096539162,6.045934202358782
2021,T2_R2,T2,R2,Glycine max L.,4062.5,6.445833333333334,23.708333333333332,110.97222222222223,1056.888888888889,165.27777777777777,7.162970059722222,,1,612.9019999999999,17.686703096539162,6.045934202358782
2021,T2_R1,T2,R1,Glycine max L.,4126.7,6.445833333333334,23.708333333333332,110.97222222222223,1056.888888888889,165.27777777777777,7.162970059722222,,1,612.9019999999999,17.686703096539162,6.045934202358782
2021,T1_R5,T1,R5,Glycine max L.,4389.2,6.445833333333334,23.708333333333332,110.97222222222223,1056.888888888889,165.27777777777777,7.162970059722222,,1,612.9019999999999,17.686703096539162,6.045934202358782
2021,T1_R4,T1,R4,Glycine max L.,4537.9,6.445833333333334,23.708333333333332,110.97222222222223,1056.888888888889,165.27777777777777,7.162970059722222,,1,612.9019999999999,17.686703096539162,6.045934202358782
2021,T1_R3,T1,R3,Glycine max L.,3836.6,6.445833333333334,23.708333333333332,110.97222222222223,1056.888888888889,165.27777777777777,7.162970059722222,,1,612.9019999999999,17.686703096539162,6.045934202358782
2021,T1_R2,T1,R2,Glycine max L.,4564.0,6.445833333333334,23.708333333333332,110.97222222222223,1056.888888888889,165.27777777777777,7.162970059722222,,1,612.9019999999999,17.686703096539162,6.045934202358782
2021,T1_R6,T1,R6,Glycine max L.,4117.7,6.445833333333334,23.708333333333332,110.97222222222223,1056.888888888889,165.27777777777777,7.162970059722222,,1,612.9019999999999,17.686703096539162,6.045934202358782
2020,T4_R1,T4,R1,Zea mays L.,6950.3,6.602777777777778,33.97222222222222,103.91666666666667,1007.0555555555555,172.33333333333334,6.92117518611111,,0,610.87,19.07318376068376,7.339324618736384
2020,T4_R6,T4,R6,Zea mays L.,4850.0,6.602777777777778,33.97222222222222,103.91666666666667,1007.0555555555555,172.33333333333334,6.92117518611111,,0,610.87,19.07318376068376,7.339324618736384
2020,T4_R5,T4,R5,Zea mays L.,6699.2,6.602777777777778,33.97222222222222,103.91666666666667,1007.0555555555555,172.33333333333334,6.92117518611111,,0,610.87,19.07318376068376,7.339324618736384
2020,T4_R4,T4,R4,Zea mays L.,7279.0,6.602777777777778,33.97222222222222,103.91666666666667,1007.0555555555555,172.33333333333334,6.92117518611111,,0,610.87,19.07318376068376,7.339324618736384
2020,T4_R3,T4,R3,Zea mays L.,7562.0,6.602777777777778,33.97222222222222,103.91666666666667,1007.0555555555555,172.33333333333334,6.92117518611111,,0,610.87,19.07318376068376,7.339324618736384
2020,T4_R2,T4,R2,Zea mays L.,6930.9,6.602777777777778,33.97222222222222,103.91666666666667,1007.0555555555555,172.33333333333334,6.92117518611111,,0,610.87,19.07318376068376,7.339324618736384
2020,T3_R6,T3,R6,Zea mays L.,7204.4,6.602777777777778,33.97222222222222,103.91666666666667,1007.0555555555555,172.33333333333334,6.92117518611111,,0,610.87,19.07318376068376,7.339324618736384
2020,T3_R3,T3,R3,Zea mays L.,8257.1,6.602777777777778,33.97222222222222,103.91666666666667,1007.0555555555555,172.33333333333334,6.92117518611111,,0,610.87,19.07318376068376,7.339324618736384
2020,T2_R4,T2,R4,Zea mays L.,10557.2,6.602777777777778,33.97222222222222,103.91666666666667,1007.0555555555555,172.33333333333334,6.92117518611111,,0,610.87,19.07318376068376,7.339324618736384
2020,T1_R2,T1,R2,Zea mays L.,7418.2,6.602777777777778,33.97222222222222,103.91666666666667,1007.0555555555555,172.33333333333334,6.92117518611111,,0,610.87,19.07318376068376,7.339324618736384
2020,T3_R5,T3,R5,Zea mays L.,8404.1,6.602777777777778,33.97222222222222,103.91666666666667,1007.0555555555555,172.33333333333334,6.92117518611111,,0,610.87,19.07318376068376,7.339324618736384
2020,T3_R4,T3,R4,Zea mays L.,9126.5,6.602777777777778,33.97222222222222,103.91666666666667,1007.0555555555555,172.33333333333334,6.92117518611111,,0,610.87,19.07318376068376,7.339324618736384
2020,T2_R5,T2,R5,Zea mays L.,10173.7,6.602777777777778,33.97222222222222,103.91666666666667,1007.0555555555555,172.33333333333334,6.92117518611111,,0,610.87,19.07318376068376,7.339324618736384
2020,T2_R3,T2,R3,Zea mays L.,11479.3,6.602777777777778,33.97222222222222,103.91666666666667,1007.0555555555555,172.33333333333334,6.92117518611111,,0,610.87,19.07318376068376,7.339324618736384
2020,T2_R2,T2,R2,Zea mays L.,9793.4,6.602777777777778,33.97222222222222,103.91666666666667,1007.0555555555555,172.33333333333334,6.92117518611111,,0,610.87,19.07318376068376,7.339324618736384
2020,T1_R5,T1,R5,Zea mays L.,5908.2,6.602777777777778,33.97222222222222,103.91666666666667,1007.0555555555555,172.33333333333334,6.92117518611111,,0,610.87,19.07318376068376,7.339324618736384
2020,T1_R4,T1,R4,Zea mays L.,6167.8,6.602777777777778,33.97222222222222,103.91666666666667,1007.0555555555555,172.33333333333334,6.92117518611111,,0,610.87,19.07318376068376,7.339324618736384
2020,T1_R3,T1,R3,Zea mays L.,8062.0,6.602777777777778,33.97222222222222,103.91666666666667,1007.0555555555555,172.33333333333334,6.92117518611111,,0,610.87,19.07318376068376,7.339324618736384
2020,T1_R6,T1,R6,Zea mays L.,7727.3,6.602777777777778,33.97222222222222,103.91666666666667,1007.0555555555555,172.33333333333334,6.92117518611111,,0,610.87,19.07318376068376,7.339324618736384
2020,T3_R2,T3,R2,Zea mays L.,9885.9,6.602777777777778,33.97222222222222,103.91666666666667,1007.0555555555555,172.33333333333334,6.92117518611111,,0,610.87,19.07318376068376,7.339324618736384
2020,T3_R1,T3,R1,Zea mays L.,8036.0,6.602777777777778,33.97222222222222,103.91666666666667,1007.0555555555555,172.33333333333334,6.92117518611111,,0,610.87,19.07318376068376,7.339324618736384
2020,T2_R6,T2,R6,Zea mays L.,9901.8,6.602777777777778,33.97222222222222,103.91666666666667,1007.0555555555555,172.33333333333334,6.92117518611111,,0,610.87,19.07318376068376,7.339324618736384
2020,T2_R1,T2,R1,Zea mays L.,9854.0,6.602777777777778,33.97222222222222,103.91666666666667,1007.0555555555555,172.33333333333334,6.92117518611111,,0,610.87,19.07318376068376,7.339324618736384
2020,T1_R1,T1,R1,Zea mays L.,4417.5,6.602777777777778,33.97222222222222,103.91666666666667,1007.0555555555555,172.33333333333334,6.92117518611111,,0,610.87,19.07318376068376,7.339324618736384
2019,T4_R4,T4,R4,Triticum aestivum L.,2123.4,6.602777777777778,33.97222222222222,103.91666666666667,1007.0555555555555,172.33333333333334,6.92117518611111,,1,1087.8819999999998,18.25339728217426,7.561616161616161
2019,T4_R6,T4,R6,Triticum aestivum L.,1933.2,6.602777777777778,33.97222222222222,103.91666666666667,1007.0555555555555,172.33333333333334,6.92117518611111,,1,1087.8819999999998,18.25339728217426,7.561616161616161
2019,T4_R5,T4,R5,Triticum aestivum L.,2102.7,6.602777777777778,33.97222222222222,103.91666666666667,1007.0555555555555,172.33333333333334,6.92117518611111,,1,1087.8819999999998,18.25339728217426,7.561616161616161
2019,T4_R3,T4,R3,Triticum aestivum L.,2237.6,6.602777777777778,33.97222222222222,103.91666666666667,1007.0555555555555,172.33333333333334,6.92117518611111,,1,1087.8819999999998,18.25339728217426,7.561616161616161
2019,T4_R2,T4,R2,Triticum aestivum L.,2217.1,6.602777777777778,33.97222222222222,103.91666666666667,1007.0555555555555,172.33333333333334,6.92117518611111,,1,1087.8819999999998,18.25339728217426,7.561616161616161
2019,T4_R1,T4,R1,Triticum aestivum L.,1998.5,6.602777777777778,33.97222222222222,103.91666666666667,1007.0555555555555,172.33333333333334,6.92117518611111,,1,1087.8819999999998,18.25339728217426,7.561616161616161
2019,T3_R6,T3,R6,Triticum aestivum L.,4565.4,6.602777777777778,33.97222222222222,103.91666666666667,1007.0555555555555,172.33333333333334,6.92117518611111,,1,1087.8819999999998,18.25339728217426,7.561616161616161
2019,T3_R5,T3,R5,Triticum aestivum L.,4944.5,6.602777777777778,33.97222222222222,103.91666666666667,1007.0555555555555,172.33333333333334,6.92117518611111,,1,1087.8819999999998,18.25339728217426,7.561616161616161
2019,T3_R4,T3,R4,Triticum aestivum L.,5029.3,6.602777777777778,33.97222222222222,103.91666666666667,1007.0555555555555,172.33333333333334,6.92117518611111,,1,1087.8819999999998,18.25339728217426,7.561616161616161
2019,T3_R3,T3,R3,Triticum aestivum L.,4786.1,6.602777777777778,33.97222222222222,103.91666666666667,1007.0555555555555,172.33333333333334,6.92117518611111,,1,1087.8819999999998,18.25339728217426,7.561616161616161
2019,T3_R2,T3,R2,Triticum aestivum L.,4903.7,6.602777777777778,33.97222222222222,103.91666666666667,1007.0555555555555,172.33333333333334,6.92117518611111,,1,1087.8819999999998,18.25339728217426,7.561616161616161
2019,T3_R1,T3,R1,Triticum aestivum L.,4652.0,6.602777777777778,33.97222222222222,103.91666666666667,1007.0555555555555,172.33333333333334,6.92117518611111,,1,1087.8819999999998,18.25339728217426,7.561616161616161
2019,T1_R1,T1,R1,Triticum aestivum L.,5277.2,6.602777777777778,33.97222222222222,103.91666666666667,1007.0555555555555,172.33333333333334,6.92117518611111,,1,1087.8819999999998,18.25339728217426,7.561616161616161
2019,T2_R6,T2,R6,Triticum aestivum L.,5472.9,6.602777777777778,33.97222222222222,103.91666666666667,1007.0555555555555,172.33333333333334,6.92117518611111,,1,1087.8819999999998,18.25339728217426,7.561616161616161
2019,T2_R5,T2,R5,Triticum aestivum L.,5082.6,6.602777777777778,33.97222222222222,103.91666666666667,1007.0555555555555,172.33333333333334,6.92117518611111,,1,1087.8819999999998,18.25339728217426,7.561616161616161
2019,T2_R4,T2,R4,Triticum aestivum L.,5115.1,6.602777777777778,33.97222222222222,103.91666666666667,1007.0555555555555,172.33333333333334,6.92117518611111,,1,1087.8819999999998,18.25339728217426,7.561616161616161
2019,T2_R3,T2,R3,Triticum aestivum L.,5152.9,6.602777777777778,33.97222222222222,103.91666666666667,1007.0555555555555,172.33333333333334,6.92117518611111,,1,1087.8819999999998,18.25339728217426,7.561616161616161
2019,T2_R2,T2,R2,Triticum aestivum L.,5077.3,6.602777777777778,33.97222222222222,103.91666666666667,1007.0555555555555,172.33333333333334,6.92117518611111,,1,1087.8819999999998,18.25339728217426,7.561616161616161
2019,T2_R1,T2,R1,Triticum aestivum L.,5249.0,6.602777777777778,33.97222222222222,103.91666666666667,1007.0555555555555,172.33333333333334,6.92117518611111,,1,1087.8819999999998,18.25339728217426,7.561616161616161
2019,T1_R6,T1,R6,Triticum aestivum L.,5481.7,6.602777777777778,33.97222222222222,103.91666666666667,1007.0555555555555,172.33333333333334,6.92117518611111,,1,1087.8819999999998,18.25339728217426,7.561616161616161
2019,T1_R5,T1,R5,Triticum aestivum L.,5731.5,6.602777777777778,33.97222222222222,103.91666666666667,1007.0555555555555,172.33333333333334,6.92117518611111,,1,1087.8819999999998,18.25339728217426,7.561616161616161
2019,T1_R4,T1,R4,Triticum aestivum L.,5658.5,6.602777777777778,33.97222222222222,103.91666666666667,1007.0555555555555,172.33333333333334,6.92117518611111,,1,1087.8819999999998,18.25339728217426,7.561616161616161
2019,T1_R3,T1,R3,Triticum aestivum L.,5591.4,6.602777777777778,33.97222222222222,103.91666666666667,1007.0555555555555,172.33333333333334,6.92117518611111,,1,1087.8819999999998,18.25339728217426,7.561616161616161
2019,T1_R2,T1,R2,Triticum aestivum L.,5764.6,6.602777777777778,33.97222222222222,103.91666666666667,1007.0555555555555,172.33333333333334,6.92117518611111,,1,1087.8819999999998,18.25339728217426,7.561616161616161
2018,T4_R3,T4,R3,Glycine max L.,3573.2,6.959722222222222,26.875,83.23611111111111,930.1527777777778,204.77777777777777,6.787337952777778,,0,1007.1099999999999,17.57747543461829,7.521072796934868
2018,T4_R1,T4,R1,Glycine max L.,3456.5,6.959722222222222,26.875,83.23611111111111,930.1527777777778,204.77777777777777,6.787337952777778,,0,1007.1099999999999,17.57747543461829,7.521072796934868
2018,T4_R6,T4,R6,Glycine max L.,2819.5,6.959722222222222,26.875,83.23611111111111,930.1527777777778,204.77777777777777,6.787337952777778,,0,1007.1099999999999,17.57747543461829,7.521072796934868
2018,T4_R5,T4,R5,Glycine max L.,2831.0,6.959722222222222,26.875,83.23611111111111,930.1527777777778,204.77777777777777,6.787337952777778,,0,1007.1099999999999,17.57747543461829,7.521072796934868
2018,T4_R4,T4,R4,Glycine max L.,3714.2,6.959722222222222,26.875,83.23611111111111,930.1527777777778,204.77777777777777,6.787337952777778,,0,1007.1099999999999,17.57747543461829,7.521072796934868
2018,T4_R2,T4,R2,Glycine max L.,3497.3,6.959722222222222,26.875,83.23611111111111,930.1527777777778,204.77777777777777,6.787337952777778,,0,1007.1099999999999,17.57747543461829,7.521072796934868
2018,T3_R5,T3,R5,Glycine max L.,3458.2,6.959722222222222,26.875,83.23611111111111,930.1527777777778,204.77777777777777,6.787337952777778,,0,1007.1099999999999,17.57747543461829,7.521072796934868
2018,T1_R6,T1,R6,Glycine max L.,3133.0,6.959722222222222,26.875,83.23611111111111,930.1527777777778,204.77777777777777,6.787337952777778,,0,1007.1099999999999,17.57747543461829,7.521072796934868
2018,T3_R6,T3,R6,Glycine max L.,3752.8,6.959722222222222,26.875,83.23611111111111,930.1527777777778,204.77777777777777,6.787337952777778,,0,1007.1099999999999,17.57747543461829,7.521072796934868
2018,T1_R5,T1,R5,Glycine max L.,2633.6,6.959722222222222,26.875,83.23611111111111,930.1527777777778,204.77777777777777,6.787337952777778,,0,1007.1099999999999,17.57747543461829,7.521072796934868
2018,T1_R2,T1,R2,Glycine max L.,3595.4,6.959722222222222,26.875,83.23611111111111,930.1527777777778,204.77777777777777,6.787337952777778,,0,1007.1099999999999,17.57747543461829,7.521072796934868
2018,T3_R4,T3,R4,Glycine max L.,3547.5,6.959722222222222,26.875,83.23611111111111,930.1527777777778,204.77777777777777,6.787337952777778,,0,1007.1099999999999,17.57747543461829,7.521072796934868
2018,T3_R3,T3,R3,Glycine max L.,3424.1,6.959722222222222,26.875,83.23611111111111,930.1527777777778,204.77777777777777,6.787337952777778,,0,1007.1099999999999,17.57747543461829,7.521072796934868
2018,T3_R2,T3,R2,Glycine max L.,3917.0,6.959722222222222,26.875,83.23611111111111,930.1527777777778,204.77777777777777,6.787337952777778,,0,1007.1099999999999,17.57747543461829,7.521072796934868
2018,T3_R1,T3,R1,Glycine max L.,3604.3,6.959722222222222,26.875,83.23611111111111,930.1527777777778,204.77777777777777,6.787337952777778,,0,1007.1099999999999,17.57747543461829,7.521072796934868
2018,T2_R6,T2,R6,Glycine max L.,3563.9,6.959722222222222,26.875,83.23611111111111,930.1527777777778,204.77777777777777,6.787337952777778,,0,1007.1099999999999,17.57747543461829,7.521072796934868
2018,T2_R5,T2,R5,Glycine max L.,3426.1,6.959722222222222,26.875,83.23611111111111,930.1527777777778,204.77777777777777,6.787337952777778,,0,1007.1099999999999,17.57747543461829,7.521072796934868
2018,T2_R4,T2,R4,Glycine max L.,3727.4,6.959722222222222,26.875,83.23611111111111,930.1527777777778,204.77777777777777,6.787337952777778,,0,1007.1099999999999,17.57747543461829,7.521072796934868
2018,T2_R3,T2,R3,Glycine max L.,3826.2,6.959722222222222,26.875,83.23611111111111,930.1527777777778,204.77777777777777,6.787337952777778,,0,1007.1099999999999,17.57747543461829,7.521072796934868
2018,T2_R2,T2,R2,Glycine max L.,3351.8,6.959722222222222,26.875,83.23611111111111,930.1527777777778,204.77777777777777,6.787337952777778,,0,1007.1099999999999,17.57747543461829,7.521072796934868
2018,T2_R1,T2,R1,Glycine max L.,3638.6,6.959722222222222,26.875,83.23611111111111,930.1527777777778,204.77777777777777,6.787337952777778,,0,1007.1099999999999,17.57747543461829,7.521072796934868
2018,T1_R4,T1,R4,Glycine max L.,3107.1,6.959722222222222,26.875,83.23611111111111,930.1527777777778,204.77777777777777,6.787337952777778,,0,1007.1099999999999,17.57747543461829,7.521072796934868
2018,T1_R3,T1,R3,Glycine max L.,3559.3,6.959722222222222,26.875,83.23611111111111,930.1527777777778,204.77777777777777,6.787337952777778,,0,1007.1099999999999,17.57747543461829,7.521072796934868
2018,T1_R1,T1,R1,Glycine max L.,2579.0,6.959722222222222,26.875,83.23611111111111,930.1527777777778,204.77777777777777,6.787337952777778,,0,1007.1099999999999,17.57747543461829,7.521072796934868
2017,T1_R5,T1,R5,Zea mays L.,8089.4,6.959722222222222,26.875,83.23611111111111,930.1527777777778,204.77777777777777,6.787337952777778,,1,976.122,18.13424345847554,7.272202998846598
2017,T4_R6,T4,R6,Zea mays L.,1609.5,6.959722222222222,26.875,83.23611111111111,930.1527777777778,204.77777777777777,6.787337952777778,,1,976.122,18.13424345847554,7.272202998846598
2017,T4_R5,T4,R5,Zea mays L.,2482.9,6.959722222222222,26.875,83.23611111111111,930.1527777777778,204.77777777777777,6.787337952777778,,1,976.122,18.13424345847554,7.272202998846598
2017,T4_R4,T4,R4,Zea mays L.,2718.7,6.959722222222222,26.875,83.23611111111111,930.1527777777778,204.77777777777777,6.787337952777778,,1,976.122,18.13424345847554,7.272202998846598
2017,T4_R3,T4,R3,Zea mays L.,3101.2,6.959722222222222,26.875,83.23611111111111,930.1527777777778,204.77777777777777,6.787337952777778,,1,976.122,18.13424345847554,7.272202998846598
2017,T4_R2,T4,R2,Zea mays L.,3069.6,6.959722222222222,26.875,83.23611111111111,930.1527777777778,204.77777777777777,6.787337952777778,,1,976.122,18.13424345847554,7.272202998846598
2017,T4_R1,T4,R1,Zea mays L.,2722.2,6.959722222222222,26.875,83.23611111111111,930.1527777777778,204.77777777777777,6.787337952777778,,1,976.122,18.13424345847554,7.272202998846598
2017,T3_R6,T3,R6,Zea mays L.,7327.0,6.959722222222222,26.875,83.23611111111111,930.1527777777778,204.77777777777777,6.787337952777778,,1,976.122,18.13424345847554,7.272202998846598
2017,T3_R5,T3,R5,Zea mays L.,8610.3,6.959722222222222,26.875,83.23611111111111,930.1527777777778,204.77777777777777,6.787337952777778,,1,976.122,18.13424345847554,7.272202998846598
2017,T2_R6,T2,R6,Zea mays L.,8795.1,6.959722222222222,26.875,83.23611111111111,930.1527777777778,204.77777777777777,6.787337952777778,,1,976.122,18.13424345847554,7.272202998846598
2017,T2_R5,T2,R5,Zea mays L.,10851.3,6.959722222222222,26.875,83.23611111111111,930.1527777777778,204.77777777777777,6.787337952777778,,1,976.122,18.13424345847554,7.272202998846598
2017,T1_R6,T1,R6,Zea mays L.,7789.0,6.959722222222222,26.875,83.23611111111111,930.1527777777778,204.77777777777777,6.787337952777778,,1,976.122,18.13424345847554,7.272202998846598
2017,T1_R2,T1,R2,Zea mays L.,8513.9,6.959722222222222,26.875,83.23611111111111,930.1527777777778,204.77777777777777,6.787337952777778,,1,976.122,18.13424345847554,7.272202998846598
2017,T3_R4,T3,R4,Zea mays L.,8089.2,6.959722222222222,26.875,83.23611111111111,930.1527777777778,204.77777777777777,6.787337952777778,,1,976.122,18.13424345847554,7.272202998846598
2017,T3_R3,T3,R3,Zea mays L.,6829.1,6.959722222222222,26.875,83.23611111111111,930.1527777777778,204.77777777777777,6.787337952777778,,1,976.122,18.13424345847554,7.272202998846598
2017,T3_R2,T3,R2,Zea mays L.,8405.6,6.959722222222222,26.875,83.23611111111111,930.1527777777778,204.77777777777777,6.787337952777778,,1,976.122,18.13424345847554,7.272202998846598
2017,T3_R1,T3,R1,Zea mays L.,6891.6,6.959722222222222,26.875,83.23611111111111,930.1527777777778,204.77777777777777,6.787337952777778,,1,976.122,18.13424345847554,7.272202998846598
2017,T2_R4,T2,R4,Zea mays L.,10600.4,6.959722222222222,26.875,83.23611111111111,930.1527777777778,204.77777777777777,6.787337952777778,,1,976.122,18.13424345847554,7.272202998846598
2017,T2_R3,T2,R3,Zea mays L.,10341.2,6.959722222222222,26.875,83.23611111111111,930.1527777777778,204.77777777777777,6.787337952777778,,1,976.122,18.13424345847554,7.272202998846598
2017,T2_R2,T2,R2,Zea mays L.,10394.3,6.959722222222222,26.875,83.23611111111111,930.1527777777778,204.77777777777777,6.787337952777778,,1,976.122,18.13424345847554,7.272202998846598
2017,T2_R1,T2,R1,Zea mays L.,8578.7,6.959722222222222,26.875,83.23611111111111,930.1527777777778,204.77777777777777,6.787337952777778,,1,976.122,18.13424345847554,7.272202998846598
2017,T1_R4,T1,R4,Zea mays L.,8110.2,6.959722222222222,26.875,83.23611111111111,930.1527777777778,204.77777777777777,6.787337952777778,,1,976.122,18.13424345847554,7.272202998846598
2017,T1_R3,T1,R3,Zea mays L.,8225.5,6.959722222222222,26.875,83.23611111111111,930.1527777777778,204.77777777777777,6.787337952777778,,1,976.122,18.13424345847554,7.272202998846598
2017,T1_R1,T1,R1,Zea mays L.,7050.2,6.959722222222222,26.875,83.23611111111111,930.1527777777778,204.77777777777777,6.787337952777778,,1,976.122,18.13424345847554,7.272202998846598
2016,T3_R5,T3,R5,Triticum aestivum L.,4993.2,6.283333333333333,26.86111111111111,51.208333333333336,688.3611111111111,148.51388888888889,,,0,892.302,19.167676767676767,7.846464646464647
2016,T3_R4,T3,R4,Triticum aestivum L.,5257.6,6.283333333333333,26.86111111111111,51.208333333333336,688.3611111111111,148.51388888888889,,,0,892.302,19.167676767676767,7.846464646464647
2016,T4_R2,T4,R2,Triticum aestivum L.,2651.7,6.283333333333333,26.86111111111111,51.208333333333336,688.3611111111111,148.51388888888889,,,0,892.302,19.167676767676767,7.846464646464647
2016,T4_R5,T4,R5,Triticum aestivum L.,3075.4,6.283333333333333,26.86111111111111,51.208333333333336,688.3611111111111,148.51388888888889,,,0,892.302,19.167676767676767,7.846464646464647
2016,T4_R4,T4,R4,Triticum aestivum L.,2697.0,6.283333333333333,26.86111111111111,51.208333333333336,688.3611111111111,148.51388888888889,,,0,892.302,19.167676767676767,7.846464646464647
2016,T4_R3,T4,R3,Triticum aestivum L.,2735.6,6.283333333333333,26.86111111111111,51.208333333333336,688.3611111111111,148.51388888888889,,,0,892.302,19.167676767676767,7.846464646464647
2016,T3_R3,T3,R3,Triticum aestivum L.,5236.0,6.283333333333333,26.86111111111111,51.208333333333336,688.3611111111111,148.51388888888889,,,0,892.302,19.167676767676767,7.846464646464647
2016,T3_R1,T3,R1,Triticum aestivum L.,4837.8,6.283333333333333,26.86111111111111,51.208333333333336,688.3611111111111,148.51388888888889,,,0,892.302,19.167676767676767,7.846464646464647
2016,T4_R6,T4,R6,Triticum aestivum L.,2216.4,6.283333333333333,26.86111111111111,51.208333333333336,688.3611111111111,148.51388888888889,,,0,892.302,19.167676767676767,7.846464646464647
2016,T4_R1,T4,R1,Triticum aestivum L.,2789.6,6.283333333333333,26.86111111111111,51.208333333333336,688.3611111111111,148.51388888888889,,,0,892.302,19.167676767676767,7.846464646464647
2016,T2_R6,T2,R6,Triticum aestivum L.,5869.4,6.283333333333333,26.86111111111111,51.208333333333336,688.3611111111111,148.51388888888889,,,0,892.302,19.167676767676767,7.846464646464647
2016,T3_R6,T3,R6,Triticum aestivum L.,4949.4,6.283333333333333,26.86111111111111,51.208333333333336,688.3611111111111,148.51388888888889,,,0,892.302,19.167676767676767,7.846464646464647
2016,T3_R2,T3,R2,Triticum aestivum L.,5546.1,6.283333333333333,26.86111111111111,51.208333333333336,688.3611111111111,148.51388888888889,,,0,892.302,19.167676767676767,7.846464646464647
2016,T1_R5,T1,R5,Triticum aestivum L.,5502.0,6.283333333333333,26.86111111111111,51.208333333333336,688.3611111111111,148.51388888888889,,,0,892.302,19.167676767676767,7.846464646464647
2016,T2_R5,T2,R5,Triticum aestivum L.,5774.0,6.283333333333333,26.86111111111111,51.208333333333336,688.3611111111111,148.51388888888889,,,0,892.302,19.167676767676767,7.846464646464647
2016,T2_R4,T2,R4,Triticum aestivum L.,5973.7,6.283333333333333,26.86111111111111,51.208333333333336,688.3611111111111,148.51388888888889,,,0,892.302,19.167676767676767,7.846464646464647
2016,T2_R3,T2,R3,Triticum aestivum L.,6165.1,6.283333333333333,26.86111111111111,51.208333333333336,688.3611111111111,148.51388888888889,,,0,892.302,19.167676767676767,7.846464646464647
2016,T2_R2,T2,R2,Triticum aestivum L.,5669.8,6.283333333333333,26.86111111111111,51.208333333333336,688.3611111111111,148.51388888888889,,,0,892.302,19.167676767676767,7.846464646464647
2016,T2_R1,T2,R1,Triticum aestivum L.,5866.9,6.283333333333333,26.86111111111111,51.208333333333336,688.3611111111111,148.51388888888889,,,0,892.302,19.167676767676767,7.846464646464647
2016,T1_R6,T1,R6,Triticum aestivum L.,5931.4,6.283333333333333,26.86111111111111,51.208333333333336,688.3611111111111,148.51388888888889,,,0,892.302,19.167676767676767,7.846464646464647
2016,T1_R4,T1,R4,Triticum aestivum L.,5667.8,6.283333333333333,26.86111111111111,51.208333333333336,688.3611111111111,148.51388888888889,,,0,892.302,19.167676767676767,7.846464646464647
2016,T1_R3,T1,R3,Triticum aestivum L.,6042.3,6.283333333333333,26.86111111111111,51.208333333333336,688.3611111111111,148.51388888888889,,,0,892.302,19.167676767676767,7.846464646464647
2016,T1_R2,T1,R2,Triticum aestivum L.,6118.4,6.283333333333333,26.86111111111111,51.208333333333336,688.3611111111111,148.51388888888889,,,0,892.302,19.167676767676767,7.846464646464647
2016,T1_R1,T1,R1,Triticum aestivum L.,5528.7,6.283333333333333,26.86111111111111,51.208333333333336,688.3611111111111,148.51388888888889,,,0,892.302,19.167676767676767,7.846464646464647
2015,T4_R6,T4,R6,Glycine max L.,1895.6,6.283333333333333,26.86111111111111,51.208333333333336,688.3611111111111,148.51388888888889,,,0,634.746,17.19832735961768,6.057919621749409
2015,T4_R5,T4,R5,Glycine max L.,2488.2,6.283333333333333,26.86111111111111,51.208333333333336,688.3611111111111,148.51388888888889,,,0,634.746,17.19832735961768,6.057919621749409
2015,T4_R4,T4,R4,Glycine max L.,2780.8,6.283333333333333,26.86111111111111,51.208333333333336,688.3611111111111,148.51388888888889,,,0,634.746,17.19832735961768,6.057919621749409
2015,T4_R3,T4,R3,Glycine max L.,2863.5,6.283333333333333,26.86111111111111,51.208333333333336,688.3611111111111,148.51388888888889,,,0,634.746,17.19832735961768,6.057919621749409
2015,T4_R2,T4,R2,Glycine max L.,2325.0,6.283333333333333,26.86111111111111,51.208333333333336,688.3611111111111,148.51388888888889,,,0,634.746,17.19832735961768,6.057919621749409
2015,T4_R1,T4,R1,Glycine max L.,2828.2,6.283333333333333,26.86111111111111,51.208333333333336,688.3611111111111,148.51388888888889,,,0,634.746,17.19832735961768,6.057919621749409
2015,T3_R3,T3,R3,Glycine max L.,3844.2,6.283333333333333,26.86111111111111,51.208333333333336,688.3611111111111,148.51388888888889,,,0,634.746,17.19832735961768,6.057919621749409
2015,T1_R4,T1,R4,Glycine max L.,3489.4,6.283333333333333,26.86111111111111,51.208333333333336,688.3611111111111,148.51388888888889,,,0,634.746,17.19832735961768,6.057919621749409
2015,T1_R1,T1,R1,Glycine max L.,3041.2,6.283333333333333,26.86111111111111,51.208333333333336,688.3611111111111,148.51388888888889,,,0,634.746,17.19832735961768,6.057919621749409
2015,T1_R5,T1,R5,Glycine max L.,3349.8,6.283333333333333,26.86111111111111,51.208333333333336,688.3611111111111,148.51388888888889,,,0,634.746,17.19832735961768,6.057919621749409
2015,T3_R5,T3,R5,Glycine max L.,4093.1,6.283333333333333,26.86111111111111,51.208333333333336,688.3611111111111,148.51388888888889,,,0,634.746,17.19832735961768,6.057919621749409
2015,T3_R4,T3,R4,Glycine max L.,4198.8,6.283333333333333,26.86111111111111,51.208333333333336,688.3611111111111,148.51388888888889,,,0,634.746,17.19832735961768,6.057919621749409
2015,T3_R2,T3,R2,Glycine max L.,4319.2,6.283333333333333,26.86111111111111,51.208333333333336,688.3611111111111,148.51388888888889,,,0,634.746,17.19832735961768,6.057919621749409
2015,T2_R5,T2,R5,Glycine max L.,3922.0,6.283333333333333,26.86111111111111,51.208333333333336,688.3611111111111,148.51388888888889,,,0,634.746,17.19832735961768,6.057919621749409
2015,T2_R4,T2,R4,Glycine max L.,3936.9,6.283333333333333,26.86111111111111,51.208333333333336,688.3611111111111,148.51388888888889,,,0,634.746,17.19832735961768,6.057919621749409
2015,T2_R3,T2,R3,Glycine max L.,4047.9,6.283333333333333,26.86111111111111,51.208333333333336,688.3611111111111,148.51388888888889,,,0,634.746,17.19832735961768,6.057919621749409
2015,T2_R2,T2,R2,Glycine max L.,3975.2,6.283333333333333,26.86111111111111,51.208333333333336,688.3611111111111,148.51388888888889,,,0,634.746,17.19832735961768,6.057919621749409
2015,T1_R3,T1,R3,Glycine max L.,3652.6,6.283333333333333,26.86111111111111,51.208333333333336,688.3611111111111,148.51388888888889,,,0,634.746,17.19832735961768,6.057919621749409
2015,T3_R6,T3,R6,Glycine max L.,4227.6,6.283333333333333,26.86111111111111,51.208333333333336,688.3611111111111,148.51388888888889,,,0,634.746,17.19832735961768,6.057919621749409
2015,T3_R1,T3,R1,Glycine max L.,4242.3,6.283333333333333,26.86111111111111,51.208333333333336,688.3611111111111,148.51388888888889,,,0,634.746,17.19832735961768,6.057919621749409
2015,T2_R6,T2,R6,Glycine max L.,3941.0,6.283333333333333,26.86111111111111,51.208333333333336,688.3611111111111,148.51388888888889,,,0,634.746,17.19832735961768,6.057919621749409
2015,T2_R1,T2,R1,Glycine max L.,3971.7,6.283333333333333,26.86111111111111,51.208333333333336,688.3611111111111,148.51388888888889,,,0,634.746,17.19832735961768,6.057919621749409
2015,T1_R6,T1,R6,Glycine max L.,3756.7,6.283333333333333,26.86111111111111,51.208333333333336,688.3611111111111,148.51388888888889,,,0,634.746,17.19832735961768,6.057919621749409
2015,T1_R2,T1,R2,Glycine max L.,3931.8,6.283333333333333,26.86111111111111,51.208333333333336,688.3611111111111,148.51388888888889,,,0,634.746,17.19832735961768,6.057919621749409
2014,T4_R2,T4,R2,Zea mays L.,6125.3,6.283333333333333,26.86111111111111,51.208333333333336,688.3611111111111,148.51388888888889,,,0,877.5699999999998,14.280575539568344,3.480273752012882
2014,T4_R6,T4,R6,Zea mays L.,3084.0,6.283333333333333,26.86111111111111,51.208333333333336,688.3611111111111,148.51388888888889,,,0,877.5699999999998,14.280575539568344,3.480273752012882
2014,T4_R5,T4,R5,Zea mays L.,5224.5,6.283333333333333,26.86111111111111,51.208333333333336,688.3611111111111,148.51388888888889,,,0,877.5699999999998,14.280575539568344,3.480273752012882
2014,T4_R4,T4,R4,Zea mays L.,6017.8,6.283333333333333,26.86111111111111,51.208333333333336,688.3611111111111,148.51388888888889,,,0,877.5699999999998,14.280575539568344,3.480273752012882
2014,T4_R3,T4,R3,Zea mays L.,6346.7,6.283333333333333,26.86111111111111,51.208333333333336,688.3611111111111,148.51388888888889,,,0,877.5699999999998,14.280575539568344,3.480273752012882
2014,T4_R1,T4,R1,Zea mays L.,6057.6,6.283333333333333,26.86111111111111,51.208333333333336,688.3611111111111,148.51388888888889,,,0,877.5699999999998,14.280575539568344,3.480273752012882
2014,T3_R2,T3,R2,Zea mays L.,10130.7,6.283333333333333,26.86111111111111,51.208333333333336,688.3611111111111,148.51388888888889,,,0,877.5699999999998,14.280575539568344,3.480273752012882
2014,T3_R6,T3,R6,Zea mays L.,8741.2,6.283333333333333,26.86111111111111,51.208333333333336,688.3611111111111,148.51388888888889,,,0,877.5699999999998,14.280575539568344,3.480273752012882
2014,T3_R5,T3,R5,Zea mays L.,8383.5,6.283333333333333,26.86111111111111,51.208333333333336,688.3611111111111,148.51388888888889,,,0,877.5699999999998,14.280575539568344,3.480273752012882
2014,T3_R4,T3,R4,Zea mays L.,8533.7,6.283333333333333,26.86111111111111,51.208333333333336,688.3611111111111,148.51388888888889,,,0,877.5699999999998,14.280575539568344,3.480273752012882
2014,T3_R3,T3,R3,Zea mays L.,9149.0,6.283333333333333,26.86111111111111,51.208333333333336,688.3611111111111,148.51388888888889,,,0,877.5699999999998,14.280575539568344,3.480273752012882
2014,T3_R1,T3,R1,Zea mays L.,8549.0,6.283333333333333,26.86111111111111,51.208333333333336,688.3611111111111,148.51388888888889,,,0,877.5699999999998,14.280575539568344,3.480273752012882
2014,T1_R1,T1,R1,Zea mays L.,8396.5,6.283333333333333,26.86111111111111,51.208333333333336,688.3611111111111,148.51388888888889,,,0,877.5699999999998,14.280575539568344,3.480273752012882
2014,T2_R6,T2,R6,Zea mays L.,10760.4,6.283333333333333,26.86111111111111,51.208333333333336,688.3611111111111,148.51388888888889,,,0,877.5699999999998,14.280575539568344,3.480273752012882
2014,T2_R5,T2,R5,Zea mays L.,11623.6,6.283333333333333,26.86111111111111,51.208333333333336,688.3611111111111,148.51388888888889,,,0,877.5699999999998,14.280575539568344,3.480273752012882
2014,T2_R4,T2,R4,Zea mays L.,11867.8,6.283333333333333,26.86111111111111,51.208333333333336,688.3611111111111,148.51388888888889,,,0,877.5699999999998,14.280575539568344,3.480273752012882
2014,T2_R3,T2,R3,Zea mays L.,11905.8,6.283333333333333,26.86111111111111,51.208333333333336,688.3611111111111,148.51388888888889,,,0,877.5699999999998,14.280575539568344,3.480273752012882
2014,T2_R2,T2,R2,Zea mays L.,11405.4,6.283333333333333,26.86111111111111,51.208333333333336,688.3611111111111,148.51388888888889,,,0,877.5699999999998,14.280575539568344,3.480273752012882
2014,T2_R1,T2,R1,Zea mays L.,11058.1,6.283333333333333,26.86111111111111,51.208333333333336,688.3611111111111,148.51388888888889,,,0,877.5699999999998,14.280575539568344,3.480273752012882
2014,T1_R6,T1,R6,Zea mays L.,10396.3,6.283333333333333,26.86111111111111,51.208333333333336,688.3611111111111,148.51388888888889,,,0,877.5699999999998,14.280575539568344,3.480273752012882
2014,T1_R5,T1,R5,Zea mays L.,9156.0,6.283333333333333,26.86111111111111,51.208333333333336,688.3611111111111,148.51388888888889,,,0,877.5699999999998,14.280575539568344,3.480273752012882
2014,T1_R4,T1,R4,Zea mays L.,9155.8,6.283333333333333,26.86111111111111,51.208333333333336,688.3611111111111,148.51388888888889,,,0,877.5699999999998,14.280575539568344,3.480273752012882
2014,T1_R3,T1,R3,Zea mays L.,10309.3,6.283333333333333,26.86111111111111,51.208333333333336,688.3611111111111,148.51388888888889,,,0,877.5699999999998,14.280575539568344,3.480273752012882
2014,T1_R2,T1,R2,Zea mays L.,10934.8,6.283333333333333,26.86111111111111,51.208333333333336,688.3611111111111,148.51388888888889,,,0,877.5699999999998,14.280575539568344,3.480273752012882
2013,T3_R1,T3,R1,Triticum aestivum L.,3281.1,6.283333333333333,26.86111111111111,51.208333333333336,688.3611111111111,148.51388888888889,,,0,928.8779999999999,16.500365497076025,5.341321713870732
2013,T4_R6,T4,R6,Triticum aestivum L.,1512.6,6.283333333333333,26.86111111111111,51.208333333333336,688.3611111111111,148.51388888888889,,,0,928.8779999999999,16.500365497076025,5.341321713870732
2013,T4_R5,T4,R5,Triticum aestivum L.,1706.1,6.283333333333333,26.86111111111111,51.208333333333336,688.3611111111111,148.51388888888889,,,0,928.8779999999999,16.500365497076025,5.341321713870732
2013,T4_R4,T4,R4,Triticum aestivum L.,1815.5,6.283333333333333,26.86111111111111,51.208333333333336,688.3611111111111,148.51388888888889,,,0,928.8779999999999,16.500365497076025,5.341321713870732
2013,T4_R3,T4,R3,Triticum aestivum L.,1873.5,6.283333333333333,26.86111111111111,51.208333333333336,688.3611111111111,148.51388888888889,,,0,928.8779999999999,16.500365497076025,5.341321713870732
2013,T4_R2,T4,R2,Triticum aestivum L.,1806.0,6.283333333333333,26.86111111111111,51.208333333333336,688.3611111111111,148.51388888888889,,,0,928.8779999999999,16.500365497076025,5.341321713870732
2013,T4_R1,T4,R1,Triticum aestivum L.,1900.9,6.283333333333333,26.86111111111111,51.208333333333336,688.3611111111111,148.51388888888889,,,0,928.8779999999999,16.500365497076025,5.341321713870732
2013,T3_R6,T3,R6,Triticum aestivum L.,3344.0,6.283333333333333,26.86111111111111,51.208333333333336,688.3611111111111,148.51388888888889,,,0,928.8779999999999,16.500365497076025,5.341321713870732
2013,T3_R5,T3,R5,Triticum aestivum L.,2803.7,6.283333333333333,26.86111111111111,51.208333333333336,688.3611111111111,148.51388888888889,,,0,928.8779999999999,16.500365497076025,5.341321713870732
2013,T3_R4,T3,R4,Triticum aestivum L.,3309.9,6.283333333333333,26.86111111111111,51.208333333333336,688.3611111111111,148.51388888888889,,,0,928.8779999999999,16.500365497076025,5.341321713870732
2013,T3_R3,T3,R3,Triticum aestivum L.,3545.4,6.283333333333333,26.86111111111111,51.208333333333336,688.3611111111111,148.51388888888889,,,0,928.8779999999999,16.500365497076025,5.341321713870732
2013,T3_R2,T3,R2,Triticum aestivum L.,3632.3,6.283333333333333,26.86111111111111,51.208333333333336,688.3611111111111,148.51388888888889,,,0,928.8779999999999,16.500365497076025,5.341321713870732
2013,T2_R6,T2,R6,Triticum aestivum L.,3277.4,6.283333333333333,26.86111111111111,51.208333333333336,688.3611111111111,148.51388888888889,,,0,928.8779999999999,16.500365497076025,5.341321713870732
2013,T2_R5,T2,R5,Triticum aestivum L.,2868.9,6.283333333333333,26.86111111111111,51.208333333333336,688.3611111111111,148.51388888888889,,,0,928.8779999999999,16.500365497076025,5.341321713870732
2013,T2_R4,T2,R4,Triticum aestivum L.,2699.1,6.283333333333333,26.86111111111111,51.208333333333336,688.3611111111111,148.51388888888889,,,0,928.8779999999999,16.500365497076025,5.341321713870732
2013,T2_R3,T2,R3,Triticum aestivum L.,3386.2,6.283333333333333,26.86111111111111,51.208333333333336,688.3611111111111,148.51388888888889,,,0,928.8779999999999,16.500365497076025,5.341321713870732
2013,T2_R2,T2,R2,Triticum aestivum L.,3156.8,6.283333333333333,26.86111111111111,51.208333333333336,688.3611111111111,148.51388888888889,,,0,928.8779999999999,16.500365497076025,5.341321713870732
2013,T2_R1,T2,R1,Triticum aestivum L.,2809.7,6.283333333333333,26.86111111111111,51.208333333333336,688.3611111111111,148.51388888888889,,,0,928.8779999999999,16.500365497076025,5.341321713870732
2013,T1_R6,T1,R6,Triticum aestivum L.,3712.1,6.283333333333333,26.86111111111111,51.208333333333336,688.3611111111111,148.51388888888889,,,0,928.8779999999999,16.500365497076025,5.341321713870732
2013,T1_R5,T1,R5,Triticum aestivum L.,3690.9,6.283333333333333,26.86111111111111,51.208333333333336,688.3611111111111,148.51388888888889,,,0,928.8779999999999,16.500365497076025,5.341321713870732
2013,T1_R4,T1,R4,Triticum aestivum L.,3663.6,6.283333333333333,26.86111111111111,51.208333333333336,688.3611111111111,148.51388888888889,,,0,928.8779999999999,16.500365497076025,5.341321713870732
2013,T1_R3,T1,R3,Triticum aestivum L.,3613.0,6.283333333333333,26.86111111111111,51.208333333333336,688.3611111111111,148.51388888888889,,,0,928.8779999999999,16.500365497076025,5.341321713870732
2013,T1_R2,T1,R2,Triticum aestivum L.,3990.1,6.283333333333333,26.86111111111111,51.208333333333336,688.3611111111111,148.51388888888889,,,0,928.8779999999999,16.500365497076025,5.341321713870732
2013,T1_R1,T1,R1,Triticum aestivum L.,3624.5,6.283333333333333,26.86111111111111,51.208333333333336,688.3611111111111,148.51388888888889,,,0,928.8779999999999,16.500365497076025,5.341321713870732
2012,T4_R5,T4,R5,Glycine max L.,1006.1,6.283333333333333,26.86111111111111,51.208333333333336,688.3611111111111,148.51388888888889,,,0,736.854,17.488888888888887,5.076767676767678
2012,T4_R4,T4,R4,Glycine max L.,1236.2,6.283333333333333,26.86111111111111,51.208333333333336,688.3611111111111,148.51388888888889,,,0,736.854,17.488888888888887,5.076767676767678
2012,T4_R3,T4,R3,Glycine max L.,1309.2,6.283333333333333,26.86111111111111,51.208333333333336,688.3611111111111,148.51388888888889,,,0,736.854,17.488888888888887,5.076767676767678
2012,T4_R2,T4,R2,Glycine max L.,1347.0,6.283333333333333,26.86111111111111,51.208333333333336,688.3611111111111,148.51388888888889,,,0,736.854,17.488888888888887,5.076767676767678
2012,T4_R1,T4,R1,Glycine max L.,1276.7,6.283333333333333,26.86111111111111,51.208333333333336,688.3611111111111,148.51388888888889,,,0,736.854,17.488888888888887,5.076767676767678
2012,T4_R6,T4,R6,Glycine max L.,1117.5,6.283333333333333,26.86111111111111,51.208333333333336,688.3611111111111,148.51388888888889,,,0,736.854,17.488888888888887,5.076767676767678
2012,T2_R6,T2,R6,Glycine max L.,1807.6,6.283333333333333,26.86111111111111,51.208333333333336,688.3611111111111,148.51388888888889,,,0,736.854,17.488888888888887,5.076767676767678
2012,T2_R4,T2,R4,Glycine max L.,2021.0,6.283333333333333,26.86111111111111,51.208333333333336,688.3611111111111,148.51388888888889,,,0,736.854,17.488888888888887,5.076767676767678
2012,T2_R2,T2,R2,Glycine max L.,2004.9,6.283333333333333,26.86111111111111,51.208333333333336,688.3611111111111,148.51388888888889,,,0,736.854,17.488888888888887,5.076767676767678
2012,T2_R1,T2,R1,Glycine max L.,1768.6,6.283333333333333,26.86111111111111,51.208333333333336,688.3611111111111,148.51388888888889,,,0,736.854,17.488888888888887,5.076767676767678
2012,T1_R6,T1,R6,Glycine max L.,1737.7,6.283333333333333,26.86111111111111,51.208333333333336,688.3611111111111,148.51388888888889,,,0,736.854,17.488888888888887,5.076767676767678
2012,T1_R4,T1,R4,Glycine max L.,1057.2,6.283333333333333,26.86111111111111,51.208333333333336,688.3611111111111,148.51388888888889,,,0,736.854,17.488888888888887,5.076767676767678
2012,T1_R2,T1,R2,Glycine max L.,1231.4,6.283333333333333,26.86111111111111,51.208333333333336,688.3611111111111,148.51388888888889,,,0,736.854,17.488888888888887,5.076767676767678
2012,T1_R3,T1,R3,Glycine max L.,1603.3,6.283333333333333,26.86111111111111,51.208333333333336,688.3611111111111,148.51388888888889,,,0,736.854,17.488888888888887,5.076767676767678
2012,T1_R1,T1,R1,Glycine max L.,998.3,6.283333333333333,26.86111111111111,51.208333333333336,688.3611111111111,148.51388888888889,,,0,736.854,17.488888888888887,5.076767676767678
2012,T3_R6,T3,R6,Glycine max L.,1495.1,6.283333333333333,26.86111111111111,51.208333333333336,688.3611111111111,148.51388888888889,,,0,736.854,17.488888888888887,5.076767676767678
2012,T3_R3,T3,R3,Glycine max L.,1326.0,6.283333333333333,26.86111111111111,51.208333333333336,688.3611111111111,148.51388888888889,,,0,736.854,17.488888888888887,5.076767676767678
2012,T3_R2,T3,R2,Glycine max L.,1690.6,6.283333333333333,26.86111111111111,51.208333333333336,688.3611111111111,148.51388888888889,,,0,736.854,17.488888888888887,5.076767676767678
2012,T3_R1,T3,R1,Glycine max L.,1239.9,6.283333333333333,26.86111111111111,51.208333333333336,688.3611111111111,148.51388888888889,,,0,736.854,17.488888888888887,5.076767676767678
2012,T2_R5,T2,R5,Glycine max L.,1733.8,6.283333333333333,26.86111111111111,51.208333333333336,688.3611111111111,148.51388888888889,,,0,736.854,17.488888888888887,5.076767676767678
2012,T1_R5,T1,R5,Glycine max L.,1183.3,6.283333333333333,26.86111111111111,51.208333333333336,688.3611111111111,148.51388888888889,,,0,736.854,17.488888888888887,5.076767676767678
2012,T3_R5,T3,R5,Glycine max L.,1437.9,6.283333333333333,26.86111111111111,51.208333333333336,688.3611111111111,148.51388888888889,,,0,736.854,17.488888888888887,5.076767676767678
2012,T3_R4,T3,R4,Glycine max L.,1238.5,6.283333333333333,26.86111111111111,51.208333333333336,688.3611111111111,148.51388888888889,,,0,736.854,17.488888888888887,5.076767676767678
2012,T2_R3,T2,R3,Glycine max L.,1968.4,6.283333333333333,26.86111111111111,51.208333333333336,688.3611111111111,148.51388888888889,,,0,736.854,17.488888888888887,5.076767676767678
2011,T3_R4,T3,R4,Zea mays L.,11810.2,6.283333333333333,26.86111111111111,51.208333333333336,688.3611111111111,148.51388888888889,,,1,1096.01,16.794318590435093,5.515873015873017
2011,T4_R6,T4,R6,Zea mays L.,5814.6,6.283333333333333,26.86111111111111,51.208333333333336,688.3611111111111,148.51388888888889,,,1,1096.01,16.794318590435093,5.515873015873017
2011,T4_R5,T4,R5,Zea mays L.,5743.8,6.283333333333333,26.86111111111111,51.208333333333336,688.3611111111111,148.51388888888889,,,1,1096.01,16.794318590435093,5.515873015873017
2011,T4_R4,T4,R4,Zea mays L.,6924.2,6.283333333333333,26.86111111111111,51.208333333333336,688.3611111111111,148.51388888888889,,,1,1096.01,16.794318590435093,5.515873015873017
2011,T4_R3,T4,R3,Zea mays L.,6697.2,6.283333333333333,26.86111111111111,51.208333333333336,688.3611111111111,148.51388888888889,,,1,1096.01,16.794318590435093,5.515873015873017
2011,T4_R2,T4,R2,Zea mays L.,6913.1,6.283333333333333,26.86111111111111,51.208333333333336,688.3611111111111,148.51388888888889,,,1,1096.01,16.794318590435093,5.515873015873017
2011,T4_R1,T4,R1,Zea mays L.,6746.7,6.283333333333333,26.86111111111111,51.208333333333336,688.3611111111111,148.51388888888889,,,1,1096.01,16.794318590435093,5.515873015873017
2011,T3_R5,T3,R5,Zea mays L.,11462.2,6.283333333333333,26.86111111111111,51.208333333333336,688.3611111111111,148.51388888888889,,,1,1096.01,16.794318590435093,5.515873015873017
2011,T1_R3,T1,R3,Zea mays L.,9608.3,6.283333333333333,26.86111111111111,51.208333333333336,688.3611111111111,148.51388888888889,,,1,1096.01,16.794318590435093,5.515873015873017
2011,T3_R6,T3,R6,Zea mays L.,12107.1,6.283333333333333,26.86111111111111,51.208333333333336,688.3611111111111,148.51388888888889,,,1,1096.01,16.794318590435093,5.515873015873017
2011,T3_R3,T3,R3,Zea mays L.,11863.0,6.283333333333333,26.86111111111111,51.208333333333336,688.3611111111111,148.51388888888889,,,1,1096.01,16.794318590435093,5.515873015873017
2011,T3_R2,T3,R2,Zea mays L.,12861.5,6.283333333333333,26.86111111111111,51.208333333333336,688.3611111111111,148.51388888888889,,,1,1096.01,16.794318590435093,5.515873015873017
2011,T3_R1,T3,R1,Zea mays L.,10997.9,6.283333333333333,26.86111111111111,51.208333333333336,688.3611111111111,148.51388888888889,,,1,1096.01,16.794318590435093,5.515873015873017
2011,T2_R6,T2,R6,Zea mays L.,11370.5,6.283333333333333,26.86111111111111,51.208333333333336,688.3611111111111,148.51388888888889,,,1,1096.01,16.794318590435093,5.515873015873017
2011,T2_R1,T2,R1,Zea mays L.,10183.0,6.283333333333333,26.86111111111111,51.208333333333336,688.3611111111111,148.51388888888889,,,1,1096.01,16.794318590435093,5.515873015873017
2011,T1_R6,T1,R6,Zea mays L.,11339.7,6.283333333333333,26.86111111111111,51.208333333333336,688.3611111111111,148.51388888888889,,,1,1096.01,16.794318590435093,5.515873015873017
2011,T1_R2,T1,R2,Zea mays L.,11867.8,6.283333333333333,26.86111111111111,51.208333333333336,688.3611111111111,148.51388888888889,,,1,1096.01,16.794318590435093,5.515873015873017
2011,T2_R5,T2,R5,Zea mays L.,11595.5,6.283333333333333,26.86111111111111,51.208333333333336,688.3611111111111,148.51388888888889,,,1,1096.01,16.794318590435093,5.515873015873017
2011,T2_R4,T2,R4,Zea mays L.,12186.7,6.283333333333333,26.86111111111111,51.208333333333336,688.3611111111111,148.51388888888889,,,1,1096.01,16.794318590435093,5.515873015873017
2011,T2_R3,T2,R3,Zea mays L.,12188.5,6.283333333333333,26.86111111111111,51.208333333333336,688.3611111111111,148.51388888888889,,,1,1096.01,16.794318590435093,5.515873015873017
2011,T2_R2,T2,R2,Zea mays L.,11598.6,6.283333333333333,26.86111111111111,51.208333333333336,688.3611111111111,148.51388888888889,,,1,1096.01,16.794318590435093,5.515873015873017
2011,T1_R5,T1,R5,Zea mays L.,11234.1,6.283333333333333,26.86111111111111,51.208333333333336,688.3611111111111,148.51388888888889,,,1,1096.01,16.794318590435093,5.515873015873017
2011,T1_R4,T1,R4,Zea mays L.,11018.4,6.283333333333333,26.86111111111111,51.208333333333336,688.3611111111111,148.51388888888889,,,1,1096.01,16.794318590435093,5.515873015873017
2011,T1_R1,T1,R1,Zea mays L.,10904.4,6.283333333333333,26.86111111111111,51.208333333333336,688.3611111111111,148.51388888888889,,,1,1096.01,16.794318590435093,5.515873015873017
